{"cameraMode":{"drawMode":0,"name":"Shaded","section":"Shading Mode"},"sceneLighting":true,"audioPlay":false,"sceneViewState":{"m_AlwaysRefresh":false,"showFog":true,"showSkybox":true,"showFlares":true,"showImageEffects":true,"showParticleSystems":true,"showVisualEffectGraphs":true,"m_FxEnabled":true},"in2DMode":false,"pivot":{"x":-71.02946472167969,"y":190.72586059570313,"z":-5.266559600830078},"rotation":{"x":-0.030886244028806688,"y":-0.9608151316642761,"z":0.24771170318126679,"w":-0.12929092347621919},"size":63.12422561645508,"orthographic":true}